214;FRAD021_15_H_100_0002.jpg;0.1;0.1;0.0;0.01;0.01;0.03;0.2;0.09;0.07;0.26;0.09;0.02
154;FRAD021_15_H_107_0016.tif;0.01;0.5;0.0;0.01;0.0;0.02;0.12;0.04;0.02;0.0;0.28;0.0
250;FRAD021_15_H_107_0026.jpg;0.13;0.22;0.0;0.0;0.0;0.02;0.27;0.14;0.02;0.03;0.15;0.01
239;FRAD021_15_H_109_0002.jpg;0.19;0.06;0.0;0.03;0.02;0.08;0.15;0.07;0.08;0.19;0.11;0.02
292;FRAD021_15_H_110_0010.tif;0.01;0.51;0.0;0.01;0.0;0.04;0.12;0.02;0.02;0.0;0.27;0.0
369;FRAD021_15_H_110_0012.tif;0.01;0.65;0.0;0.01;0.01;0.02;0.04;0.07;0.01;0.01;0.18;0.0
93;FRAD021_15_H_110_0014.jpg;0.11;0.08;0.0;0.04;0.03;0.04;0.16;0.05;0.15;0.19;0.11;0.02
69;FRAD021_15_H_110_0014.tif;0.01;0.34;0.0;0.07;0.01;0.01;0.18;0.07;0.01;0.0;0.29;0.0
192;FRAD021_15_H_110_0016.jpg;0.23;0.04;0.01;0.01;0.02;0.01;0.19;0.02;0.04;0.08;0.32;0.04
35;FRAD021_15_H_112_0002.jpg;0.34;0.12;0.0;0.01;0.01;0.02;0.24;0.04;0.01;0.05;0.14;0.02
170;FRAD021_15_H_118_0002.jpg;0.12;0.06;0.0;0.02;0.01;0.05;0.24;0.05;0.04;0.22;0.17;0.02
269;FRAD021_15_H_118_0002.tif;0.01;0.21;0.0;0.0;0.0;0.02;0.27;0.04;0.0;0.01;0.43;0.0
137;FRAD021_15_H_118_0004.tif;0.01;0.84;0.0;0.0;0.0;0.01;0.02;0.01;0.0;0.01;0.09;0.0
336;FRAD021_15_H_118_0006.tif;0.01;0.66;0.0;0.0;0.01;0.02;0.02;0.01;0.01;0.01;0.24;0.0
260;FRAD021_15_H_118_0008.tif;0.01;0.62;0.0;0.0;0.01;0.08;0.02;0.01;0.03;0.0;0.2;0.0
148;FRAD021_15_H_118_0010.jpg;0.16;0.04;0.01;0.01;0.02;0.03;0.27;0.06;0.05;0.16;0.14;0.05
139;FRAD021_15_H_118_0010.tif;0.02;0.38;0.0;0.0;0.01;0.03;0.12;0.07;0.02;0.01;0.33;0.01
155;FRAD021_15_H_118_0012.tif;0.01;0.41;0.0;0.0;0.01;0.04;0.04;0.09;0.02;0.01;0.37;0.01
176;FRAD021_15_H_118_0014.tif;0.01;0.3;0.0;0.0;0.01;0.02;0.05;0.07;0.01;0.0;0.52;0.0
95;FRAD021_15_H_119_0002.tif;0.02;0.24;0.0;0.01;0.01;0.01;0.3;0.03;0.02;0.01;0.36;0.01
147;FRAD021_15_H_120_0002.jpg;0.07;0.07;0.0;0.02;0.02;0.04;0.36;0.03;0.09;0.12;0.16;0.02
42;FRAD021_15_H_120_0004.tif;0.0;0.65;0.0;0.0;0.0;0.01;0.05;0.0;0.0;0.0;0.3;0.0
186;FRAD021_15_H_120_0006.tif;0.12;0.07;0.02;0.02;0.0;0.07;0.23;0.08;0.02;0.12;0.22;0.02
248;FRAD021_15_H_120_0008.jpg;0.19;0.05;0.0;0.01;0.0;0.04;0.19;0.08;0.03;0.17;0.21;0.02
280;FRAD021_15_H_120_0010.tif;0.04;0.22;0.0;0.0;0.03;0.01;0.11;0.06;0.01;0.01;0.5;0.0
98;FRAD021_15_H_120_0012.jpg;0.38;0.04;0.01;0.01;0.01;0.01;0.32;0.03;0.02;0.05;0.09;0.03
116;FRAD021_15_H_130_0002.jpg;0.07;0.1;0.0;0.02;0.01;0.1;0.22;0.1;0.07;0.17;0.14;0.01
322;FRAD021_15_H_130_0002.tif;0.0;0.31;0.0;0.0;0.0;0.04;0.3;0.04;0.01;0.01;0.28;0.0
7;FRAD021_15_H_130_0004.jpg;0.08;0.09;0.0;0.01;0.01;0.1;0.21;0.11;0.06;0.16;0.15;0.01
359;FRAD021_15_H_130_0004.tif;0.0;0.23;0.0;0.0;0.0;0.04;0.4;0.03;0.01;0.01;0.28;0.0
141;FRAD021_15_H_130_0006.tif;0.01;0.61;0.0;0.01;0.01;0.02;0.05;0.11;0.01;0.02;0.15;0.0
52;FRAD021_15_H_130_0008.jpg;0.13;0.06;0.0;0.0;0.0;0.02;0.17;0.03;0.01;0.04;0.53;0.0
110;FRAD021_15_H_130_0008.tif;0.0;0.22;0.05;0.0;0.02;0.01;0.07;0.0;0.15;0.0;0.47;0.0
166;FRAD021_15_H_135_0002.tif;0.07;0.48;0.0;0.01;0.0;0.01;0.18;0.03;0.02;0.03;0.17;0.0
30;FRAD021_15_H_136_0003.tif;0.03;0.4;0.0;0.01;0.01;0.05;0.11;0.18;0.02;0.01;0.18;0.0
201;FRAD021_15_H_139_0003.tif;0.03;0.11;0.21;0.01;0.11;0.06;0.16;0.02;0.07;0.01;0.2;0.0
373;FRAD021_15_H_148_0002.tif;0.01;0.59;0.0;0.01;0.01;0.02;0.09;0.1;0.01;0.01;0.15;0.01
11;FRAD021_15_H_148_0004.jpg;0.1;0.1;0.0;0.02;0.02;0.06;0.32;0.07;0.05;0.09;0.15;0.02
178;FRAD021_15_H_148_0006.tif;0.0;0.73;0.0;0.0;0.0;0.05;0.03;0.0;0.02;0.0;0.17;0.0
324;FRAD021_15_H_148_0008.jpg;0.5;0.01;0.01;0.01;0.01;0.0;0.33;0.0;0.02;0.05;0.04;0.03
121;FRAD021_15_H_148_0010.jpg;0.29;0.04;0.02;0.01;0.05;0.02;0.16;0.05;0.06;0.09;0.11;0.1
243;FRAD021_15_H_148_0012.tif;0.0;0.74;0.01;0.0;0.0;0.01;0.04;0.02;0.0;0.0;0.19;0.0
163;FRAD021_15_H_148_0014.tif;0.01;0.57;0.0;0.0;0.0;0.02;0.06;0.03;0.01;0.0;0.3;0.0
213;FRAD021_15_H_148_0016.jpg;0.38;0.02;0.02;0.01;0.01;0.01;0.25;0.02;0.02;0.07;0.16;0.03
129;FRAD021_15_H_148_0016.tif;0.05;0.04;0.02;0.0;0.21;0.01;0.18;0.09;0.01;0.01;0.37;0.0
267;FRAD021_15_H_148_0018.jpg;0.29;0.05;0.02;0.01;0.01;0.02;0.23;0.05;0.02;0.07;0.2;0.02
73;FRAD021_15_H_148_0018.tif;0.03;0.19;0.01;0.0;0.16;0.02;0.07;0.28;0.02;0.01;0.22;0.0
334;FRAD021_15_H_156_0002.tif;0.0;0.41;0.0;0.0;0.0;0.01;0.31;0.0;0.01;0.0;0.26;0.0
142;FRAD021_15_H_156_0006.tif;0.01;0.55;0.0;0.0;0.0;0.07;0.09;0.2;0.01;0.01;0.05;0.0
149;FRAD021_15_H_156_0008.tif;0.03;0.21;0.0;0.0;0.0;0.05;0.14;0.19;0.01;0.02;0.33;0.0
346;FRAD021_15_H_156_0010.tif;0.05;0.26;0.0;0.01;0.0;0.06;0.1;0.19;0.01;0.03;0.29;0.0
251;FRAD021_15_H_156_0012.jpg;0.13;0.07;0.0;0.01;0.02;0.04;0.25;0.11;0.06;0.09;0.18;0.02
96;FRAD021_15_H_163_0004.tif;0.01;0.79;0.0;0.0;0.0;0.01;0.05;0.11;0.0;0.0;0.02;0.0
370;FRAD021_15_H_163_0006.tif;0.01;0.7;0.0;0.01;0.01;0.01;0.12;0.06;0.01;0.01;0.09;0.0
355;FRAD021_15_H_163_0008.tif;0.01;0.73;0.0;0.0;0.0;0.02;0.07;0.12;0.0;0.0;0.03;0.0
362;FRAD021_15_H_163_0010.tif;0.02;0.31;0.0;0.02;0.0;0.02;0.19;0.1;0.02;0.01;0.31;0.0
301;FRAD021_15_H_163_0012.tif;0.0;0.68;0.0;0.0;0.0;0.01;0.06;0.03;0.01;0.01;0.19;0.0
315;FRAD021_15_H_163_0014.tif;0.01;0.46;0.0;0.0;0.0;0.01;0.12;0.01;0.0;0.0;0.39;0.0
188;FRAD021_15_H_163_0016.tif;0.03;0.33;0.0;0.0;0.0;0.06;0.17;0.09;0.02;0.01;0.27;0.0
140;FRAD021_15_H_163_0018.tif;0.0;0.13;0.0;0.0;0.0;0.01;0.3;0.0;0.0;0.0;0.56;0.0
132;FRAD021_15_H_163_0020.tif;0.0;0.78;0.0;0.0;0.0;0.0;0.09;0.0;0.0;0.0;0.12;0.0
270;FRAD021_15_H_163_0022.tif;0.01;0.39;0.0;0.01;0.01;0.01;0.05;0.03;0.03;0.01;0.43;0.01
51;FRAD021_15_H_163_0024.tif;0.0;0.71;0.0;0.0;0.0;0.0;0.02;0.02;0.0;0.0;0.24;0.0
231;FRAD021_15_H_163_0026.jpg;0.4;0.03;0.03;0.02;0.03;0.01;0.21;0.02;0.02;0.07;0.15;0.03
321;FRAD021_15_H_163_0026.tif;0.02;0.19;0.01;0.02;0.11;0.05;0.04;0.1;0.04;0.0;0.41;0.0
1;FRAD021_15_H_163_0028.jpg;0.14;0.08;0.0;0.01;0.01;0.08;0.24;0.15;0.05;0.13;0.08;0.03
162;FRAD021_15_H_163_0028.tif;0.0;0.89;0.0;0.0;0.0;0.01;0.03;0.02;0.0;0.0;0.04;0.0
342;FRAD021_15_H_163_0030.tif;0.0;0.36;0.0;0.0;0.0;0.04;0.1;0.03;0.01;0.0;0.46;0.0
351;FRAD021_15_H_163_0032.tif;0.0;0.39;0.02;0.0;0.15;0.15;0.01;0.07;0.02;0.0;0.19;0.0
19;FRAD021_15_H_163_0034.tif;0.01;0.06;0.06;0.0;0.01;0.01;0.42;0.0;0.03;0.0;0.4;0.0
255;FRAD021_15_H_163_0036.tif;0.01;0.8;0.0;0.0;0.0;0.01;0.07;0.02;0.01;0.0;0.08;0.0
256;FRAD021_15_H_163_0042.tif;0.01;0.4;0.03;0.0;0.02;0.02;0.15;0.04;0.02;0.02;0.28;0.0
60;FRAD021_15_H_163_0044.tif;0.0;0.27;0.0;0.0;0.0;0.15;0.01;0.02;0.25;0.0;0.3;0.0
350;FRAD021_15_H_163_0048.tif;0.0;0.61;0.0;0.01;0.02;0.05;0.04;0.17;0.06;0.01;0.03;0.0
156;FRAD021_15_H_163_0050.tif;0.0;0.77;0.0;0.0;0.01;0.02;0.05;0.04;0.01;0.01;0.09;0.0
59;FRAD021_15_H_163_0053.tif;0.01;0.78;0.0;0.0;0.0;0.01;0.02;0.0;0.0;0.0;0.18;0.0
36;FRAD021_15_H_163_0055.tif;0.0;0.77;0.01;0.0;0.05;0.03;0.02;0.08;0.01;0.0;0.04;0.0
173;FRAD021_15_H_163_0075.tif;0.0;0.42;0.0;0.02;0.01;0.07;0.06;0.05;0.11;0.0;0.25;0.0
17;FRAD021_15_H_163_0078.tif;0.0;0.84;0.0;0.0;0.0;0.03;0.01;0.01;0.01;0.0;0.1;0.0
165;FRAD021_15_H_17_0003.tif;0.07;0.24;0.03;0.0;0.0;0.02;0.28;0.08;0.01;0.03;0.21;0.02
194;FRAD021_15_H_179_0002.tif;0.01;0.36;0.0;0.0;0.05;0.02;0.05;0.09;0.01;0.01;0.39;0.0
227;FRAD021_15_H_179_0004.tif;0.03;0.42;0.02;0.0;0.05;0.04;0.08;0.04;0.04;0.01;0.27;0.0
150;FRAD021_15_H_181_0002.tif;0.0;0.53;0.0;0.0;0.0;0.06;0.08;0.04;0.03;0.0;0.25;0.0
37;FRAD021_15_H_181_0004.tif;0.0;0.29;0.04;0.0;0.07;0.01;0.11;0.02;0.01;0.0;0.44;0.0
123;FRAD021_15_H_181_0006.jpg;0.29;0.04;0.01;0.02;0.02;0.02;0.28;0.03;0.06;0.07;0.14;0.04
131;FRAD021_15_H_181_0008.tif;0.0;0.86;0.0;0.0;0.0;0.01;0.02;0.03;0.0;0.0;0.08;0.0
189;FRAD021_15_H_183_0002.tif;0.02;0.48;0.0;0.0;0.0;0.02;0.18;0.06;0.01;0.0;0.21;0.0
40;FRAD021_15_H_185_0003.jpg;0.32;0.03;0.0;0.01;0.01;0.04;0.21;0.06;0.04;0.12;0.14;0.01
294;FRAD021_15_H_190_0004.tif;0.03;0.62;0.0;0.0;0.01;0.03;0.1;0.06;0.02;0.0;0.12;0.0
190;FRAD021_15_H_190_0012.jpg;0.11;0.08;0.0;0.01;0.01;0.09;0.23;0.12;0.07;0.11;0.13;0.03
313;FRAD021_15_H_190_0018.tif;0.0;0.64;0.0;0.01;0.0;0.02;0.14;0.06;0.02;0.02;0.09;0.0
138;FRAD021_15_H_190_0020.tif;0.0;0.67;0.0;0.01;0.01;0.02;0.1;0.06;0.01;0.01;0.11;0.0
265;FRAD021_15_H_190_0022.tif;0.01;0.55;0.0;0.04;0.01;0.03;0.05;0.21;0.01;0.0;0.08;0.01
67;FRAD021_15_H_190_0024.jpg;0.43;0.02;0.01;0.01;0.02;0.01;0.24;0.01;0.03;0.05;0.14;0.03
174;FRAD021_15_H_190_0026.jpg;0.33;0.07;0.0;0.01;0.01;0.02;0.22;0.04;0.04;0.07;0.17;0.03
340;FRAD021_15_H_190_0026.tif;0.01;0.17;0.0;0.0;0.01;0.02;0.04;0.03;0.04;0.0;0.67;0.0
331;FRAD021_15_H_190_0036.jpg;0.27;0.04;0.0;0.0;0.0;0.02;0.22;0.07;0.02;0.18;0.17;0.01
120;FRAD021_15_H_190_0052.tif;0.01;0.81;0.0;0.0;0.0;0.01;0.05;0.03;0.0;0.01;0.08;0.0
333;FRAD021_15_H_193_0002.tif;0.03;0.5;0.0;0.01;0.0;0.03;0.15;0.08;0.01;0.01;0.18;0.0
5;FRAD021_15_H_193_0004.tif;0.01;0.77;0.0;0.0;0.0;0.01;0.05;0.08;0.0;0.01;0.06;0.0
175;FRAD021_15_H_193_0006.jpg;0.23;0.05;0.0;0.01;0.02;0.03;0.23;0.08;0.05;0.16;0.11;0.03
71;FRAD021_15_H_193_0006.tif;0.0;0.66;0.0;0.0;0.0;0.02;0.04;0.03;0.01;0.0;0.24;0.0
90;FRAD021_15_H_193_0008.tif;0.0;0.59;0.0;0.0;0.06;0.14;0.01;0.01;0.01;0.0;0.19;0.0
323;FRAD021_15_H_193_0010.tif;0.0;0.34;0.0;0.0;0.01;0.04;0.02;0.04;0.04;0.0;0.49;0.0
302;FRAD021_15_H_193_0012.jpg;0.26;0.16;0.0;0.01;0.01;0.03;0.26;0.1;0.02;0.03;0.1;0.02
27;FRAD021_15_H_193_0012.tif;0.01;0.23;0.01;0.0;0.24;0.09;0.03;0.05;0.14;0.0;0.2;0.0
203;FRAD021_15_H_193_0014.jpg;0.11;0.15;0.0;0.03;0.02;0.04;0.2;0.14;0.08;0.12;0.09;0.01
335;FRAD021_15_H_193_0014.tif;0.0;0.79;0.01;0.01;0.02;0.03;0.03;0.03;0.03;0.01;0.04;0.0
181;FRAD021_15_H_193_0016.jpg;0.16;0.08;0.0;0.02;0.02;0.05;0.2;0.13;0.07;0.15;0.1;0.02
127;FRAD021_15_H_193_0016.tif;0.0;0.75;0.0;0.01;0.01;0.02;0.04;0.03;0.02;0.0;0.12;0.0
374;FRAD021_15_H_193_0018.jpg;0.6;0.01;0.01;0.0;0.01;0.0;0.23;0.0;0.02;0.03;0.05;0.03
115;FRAD021_15_H_193_0018.tif;0.15;0.07;0.02;0.01;0.02;0.01;0.25;0.01;0.05;0.01;0.39;0.01
208;FRAD021_15_H_193_0020.tif;0.01;0.31;0.07;0.0;0.05;0.01;0.09;0.07;0.0;0.0;0.39;0.01
230;FRAD021_15_H_193_0022.tif;0.0;0.84;0.0;0.0;0.0;0.14;0.0;0.0;0.02;0.0;0.01;0.0
112;FRAD021_15_H_199_0002.tif;0.0;0.66;0.0;0.01;0.0;0.02;0.13;0.07;0.01;0.0;0.12;0.0
307;FRAD021_15_H_199_0004.tif;0.0;0.56;0.0;0.0;0.0;0.04;0.07;0.22;0.01;0.0;0.09;0.0
164;FRAD021_15_H_199_0006.tif;0.0;0.72;0.0;0.0;0.01;0.1;0.03;0.01;0.01;0.0;0.12;0.0
311;FRAD021_15_H_199_0008.jpg;0.01;0.35;0.0;0.0;0.0;0.02;0.13;0.06;0.01;0.0;0.42;0.0
83;FRAD021_15_H_199_0008.tif;0.01;0.3;0.0;0.0;0.0;0.02;0.16;0.04;0.0;0.0;0.47;0.0
14;FRAD021_15_H_199_0010.tif;0.0;0.83;0.0;0.0;0.0;0.02;0.03;0.02;0.0;0.0;0.09;0.0
245;FRAD021_15_H_199_0012.jpg;0.01;0.35;0.0;0.0;0.0;0.05;0.18;0.09;0.01;0.0;0.31;0.0
326;FRAD021_15_H_199_0012.tif;0.01;0.34;0.0;0.0;0.0;0.03;0.19;0.07;0.01;0.0;0.35;0.0
185;FRAD021_15_H_199_0014.tif;0.01;0.8;0.0;0.0;0.0;0.02;0.04;0.01;0.0;0.0;0.1;0.0
56;FRAD021_15_H_199_0016.tif;0.0;0.77;0.0;0.0;0.01;0.02;0.02;0.02;0.0;0.0;0.15;0.0
183;FRAD021_15_H_203_0002.tif;0.01;0.69;0.0;0.01;0.0;0.02;0.1;0.05;0.01;0.01;0.09;0.0
266;FRAD021_15_H_203_0004.tif;0.0;0.58;0.0;0.0;0.0;0.02;0.12;0.05;0.0;0.0;0.21;0.0
134;FRAD021_15_H_203_0006.tif;0.0;0.32;0.0;0.0;0.0;0.04;0.06;0.22;0.02;0.03;0.3;0.0
264;FRAD021_15_H_203_0008.jpg;0.09;0.15;0.01;0.03;0.03;0.03;0.19;0.04;0.06;0.04;0.32;0.01
344;FRAD021_15_H_203_0010.tif;0.01;0.35;0.0;0.0;0.0;0.01;0.14;0.06;0.01;0.0;0.41;0.0
91;FRAD021_15_H_203_0014.tif;0.01;0.57;0.0;0.0;0.0;0.03;0.06;0.02;0.01;0.0;0.3;0.0
345;FRAD021_15_H_203_0016.tif;0.01;0.54;0.0;0.0;0.0;0.06;0.04;0.01;0.01;0.01;0.32;0.0
375;FRAD021_15_H_203_0018.tif;0.0;0.25;0.0;0.0;0.02;0.06;0.06;0.0;0.11;0.0;0.49;0.0
259;FRAD021_15_H_203_0020.tif;0.0;0.46;0.0;0.0;0.0;0.03;0.01;0.01;0.03;0.0;0.46;0.0
249;FRAD021_15_H_203_0027.jpg;0.0;0.4;0.07;0.0;0.05;0.14;0.16;0.12;0.03;0.0;0.04;0.0
34;FRAD021_15_H_243_0004.tif;0.01;0.58;0.0;0.03;0.01;0.03;0.06;0.19;0.01;0.01;0.06;0.0
85;FRAD021_15_H_243_0006.tif;0.0;0.7;0.0;0.0;0.05;0.02;0.02;0.02;0.01;0.01;0.16;0.0
316;FRAD021_15_H_243_0008.jpg;0.01;0.04;0.02;0.0;0.1;0.05;0.44;0.02;0.1;0.01;0.21;0.0
246;FRAD021_15_H_243_0008.tif;0.01;0.07;0.04;0.0;0.07;0.03;0.23;0.01;0.05;0.01;0.48;0.0
109;FRAD021_15_H_243_0010.tif;0.0;0.26;0.1;0.0;0.01;0.06;0.12;0.02;0.06;0.0;0.38;0.0
136;FRAD021_15_H_243_0012.tif;0.02;0.44;0.0;0.02;0.01;0.02;0.1;0.03;0.02;0.03;0.31;0.01
306;FRAD021_15_H_249_0004.tif;0.0;0.65;0.0;0.0;0.0;0.0;0.1;0.0;0.0;0.0;0.25;0.0
295;FRAD021_15_H_249_0006.tif;0.01;0.51;0.0;0.0;0.01;0.03;0.03;0.02;0.01;0.0;0.36;0.01
219;FRAD021_15_H_249_0010.tif;0.0;0.77;0.0;0.0;0.0;0.02;0.03;0.15;0.0;0.0;0.03;0.0
211;FRAD021_15_H_249_0014.tif;0.0;0.77;0.0;0.0;0.01;0.06;0.0;0.01;0.01;0.0;0.13;0.0
282;FRAD021_15_H_249_0016.tif;0.0;0.54;0.0;0.0;0.0;0.02;0.15;0.11;0.01;0.0;0.17;0.0
300;FRAD021_15_H_249_0018.tif;0.0;0.78;0.0;0.0;0.0;0.02;0.06;0.05;0.0;0.0;0.07;0.01
238;FRAD021_15_H_249_0020.jpg;0.29;0.07;0.0;0.01;0.0;0.04;0.22;0.04;0.03;0.1;0.17;0.01
74;FRAD021_15_H_249_0022.jpg;0.03;0.19;0.0;0.01;0.01;0.08;0.12;0.13;0.09;0.2;0.14;0.01
309;FRAD021_15_H_257_0002.jpg;0.0;0.56;0.0;0.0;0.01;0.07;0.04;0.11;0.01;0.0;0.19;0.0
39;FRAD021_15_H_257_0002.tif;0.01;0.57;0.0;0.0;0.01;0.02;0.03;0.08;0.01;0.0;0.26;0.0
191;FRAD021_15_H_257_0004.tif;0.01;0.6;0.0;0.01;0.01;0.07;0.02;0.03;0.02;0.01;0.21;0.01
3;FRAD021_15_H_257_0006.tif;0.02;0.59;0.0;0.02;0.01;0.02;0.11;0.08;0.02;0.01;0.13;0.0
48;FRAD021_15_H_257_0008.tif;0.01;0.32;0.0;0.0;0.0;0.05;0.08;0.21;0.01;0.01;0.31;0.0
339;FRAD021_15_H_257_0010.tif;0.09;0.15;0.01;0.01;0.0;0.03;0.35;0.04;0.01;0.01;0.3;0.0
347;FRAD021_15_H_257_0012.tif;0.0;0.67;0.0;0.0;0.0;0.02;0.12;0.07;0.0;0.01;0.11;0.0
360;FRAD021_15_H_257_0014.tif;0.01;0.49;0.01;0.0;0.0;0.02;0.14;0.11;0.0;0.01;0.2;0.0
281;FRAD021_15_H_257_0016.tif;0.0;0.68;0.0;0.0;0.01;0.03;0.01;0.05;0.01;0.0;0.21;0.0
126;FRAD021_15_H_257_0018.tif;0.01;0.59;0.0;0.0;0.01;0.02;0.02;0.01;0.01;0.0;0.32;0.0
337;FRAD021_15_H_257_0020.tif;0.01;0.61;0.0;0.0;0.01;0.06;0.01;0.02;0.03;0.01;0.24;0.01
94;FRAD021_15_H_257_0022.tif;0.05;0.18;0.02;0.0;0.19;0.03;0.03;0.12;0.03;0.02;0.34;0.0
325;FRAD021_15_H_257_0024.tif;0.0;0.34;0.0;0.0;0.01;0.11;0.04;0.03;0.09;0.0;0.38;0.0
114;FRAD021_15_H_270_0002.jpg;0.0;0.11;0.05;0.0;0.18;0.05;0.25;0.02;0.12;0.0;0.21;0.0
314;FRAD021_15_H_273_0002.tif;0.0;0.52;0.0;0.0;0.0;0.0;0.07;0.0;0.0;0.0;0.4;0.0
200;FRAD021_15_H_277_0002.jpg;0.34;0.05;0.0;0.02;0.01;0.01;0.2;0.02;0.07;0.14;0.1;0.03
365;FRAD021_15_H_277_0002.tif;0.01;0.64;0.0;0.0;0.01;0.01;0.12;0.02;0.01;0.0;0.17;0.0
41;FRAD021_15_H_278_0002.jpg;0.02;0.23;0.01;0.0;0.15;0.21;0.08;0.02;0.17;0.0;0.11;0.0
235;FRAD021_15_H_278_0002.tif;0.01;0.38;0.01;0.01;0.1;0.1;0.03;0.01;0.13;0.01;0.21;0.0
242;FRAD021_15_H_278_0004.tif;0.0;0.3;0.0;0.0;0.02;0.02;0.07;0.07;0.05;0.01;0.46;0.0
124;FRAD021_15_H_279_0002.jpg;0.0;0.64;0.0;0.0;0.0;0.04;0.12;0.05;0.0;0.0;0.13;0.0
308;FRAD021_15_H_279_0002.tif;0.01;0.63;0.0;0.0;0.0;0.03;0.1;0.05;0.01;0.0;0.17;0.0
283;FRAD021_15_H_282_0002.jpg;0.0;0.51;0.0;0.0;0.02;0.03;0.12;0.03;0.02;0.0;0.27;0.0
358;FRAD021_15_H_282_0002.tif;0.0;0.56;0.0;0.0;0.01;0.0;0.07;0.03;0.01;0.0;0.32;0.0
271;FRAD021_15_H_284_0002.tif;0.0;0.38;0.0;0.0;0.0;0.01;0.06;0.0;0.0;0.0;0.54;0.0
144;FRAD021_15_H_291_0002.tif;0.01;0.48;0.0;0.0;0.0;0.01;0.17;0.1;0.0;0.0;0.21;0.0
354;FRAD021_15_H_294_0002.jpg;0.01;0.43;0.01;0.0;0.0;0.04;0.15;0.04;0.01;0.0;0.31;0.0
212;FRAD021_15_H_294_0002.tif;0.01;0.43;0.01;0.0;0.0;0.01;0.14;0.02;0.01;0.0;0.37;0.0
343;FRAD021_15_H_317_0006.jpg;0.01;0.48;0.01;0.0;0.03;0.06;0.16;0.05;0.01;0.0;0.19;0.0
172;FRAD021_15_H_317_0006.tif;0.0;0.52;0.02;0.0;0.02;0.02;0.12;0.03;0.01;0.0;0.26;0.0
130;FRAD021_15_H_320_0002.jpg;0.03;0.48;0.0;0.0;0.01;0.02;0.1;0.17;0.01;0.01;0.16;0.01
87;FRAD021_15_H_320_0002.tif;0.02;0.55;0.0;0.0;0.01;0.04;0.08;0.06;0.02;0.01;0.21;0.01
108;FRAD021_15_H_320_0004.jpg;0.01;0.55;0.0;0.01;0.01;0.02;0.05;0.24;0.01;0.01;0.1;0.0
151;FRAD021_15_H_320_0004.tif;0.01;0.64;0.0;0.02;0.01;0.02;0.04;0.1;0.02;0.01;0.13;0.0
317;FRAD021_15_H_320_0008.jpg;0.02;0.64;0.0;0.01;0.01;0.03;0.07;0.11;0.01;0.01;0.09;0.0
233;FRAD021_15_H_320_0008.tif;0.02;0.6;0.0;0.01;0.01;0.01;0.05;0.12;0.01;0.01;0.16;0.0
54;FRAD021_15_H_320_0010.tif;0.0;0.68;0.0;0.01;0.01;0.01;0.1;0.03;0.01;0.01;0.15;0.0
332;FRAD021_15_H_320_0012.jpg;0.01;0.46;0.01;0.0;0.01;0.04;0.19;0.01;0.01;0.0;0.26;0.0
79;FRAD021_15_H_320_0012.tif;0.01;0.46;0.0;0.0;0.0;0.0;0.08;0.0;0.01;0.0;0.43;0.0
78;FRAD021_15_H_320_0014.tif;0.01;0.1;0.01;0.01;0.11;0.02;0.3;0.05;0.19;0.02;0.17;0.02
376;FRAD021_15_H_328_0008.jpg;0.01;0.1;0.05;0.0;0.11;0.06;0.28;0.05;0.08;0.0;0.27;0.0
145;FRAD021_15_H_328_0008.tif;0.0;0.11;0.06;0.0;0.1;0.03;0.13;0.05;0.06;0.0;0.45;0.0
82;FRAD021_15_H_328_0010.jpg;0.02;0.45;0.01;0.0;0.01;0.04;0.18;0.02;0.1;0.02;0.14;0.01
357;FRAD021_15_H_328_0010.tif;0.02;0.38;0.01;0.0;0.01;0.02;0.19;0.02;0.09;0.02;0.25;0.0
268;FRAD021_15_H_328_0012.tif;0.01;0.26;0.07;0.0;0.03;0.03;0.08;0.01;0.01;0.0;0.49;0.0
18;FRAD021_15_H_329_0002.tif;0.04;0.16;0.01;0.02;0.07;0.04;0.15;0.07;0.07;0.01;0.34;0.0
99;FRAD021_15_H_335_0002.tif;0.01;0.22;0.01;0.0;0.48;0.01;0.04;0.1;0.03;0.01;0.1;0.0
70;FRAD021_15_H_335_0004.tif;0.0;0.56;0.0;0.0;0.0;0.07;0.03;0.01;0.01;0.0;0.32;0.0
47;FRAD021_15_H_337_0006.jpg;0.02;0.28;0.0;0.0;0.0;0.09;0.1;0.36;0.01;0.01;0.11;0.0
241;FRAD021_15_H_337_0006.tif;0.01;0.38;0.0;0.0;0.0;0.05;0.09;0.33;0.01;0.01;0.1;0.0
197;FRAD021_15_H_341_0002.jpg;0.0;0.84;0.0;0.0;0.0;0.02;0.03;0.01;0.0;0.0;0.09;0.0
102;FRAD021_15_H_341_0002.tif;0.0;0.76;0.0;0.0;0.0;0.01;0.05;0.01;0.0;0.0;0.17;0.0
247;FRAD021_15_H_357_0003.jpg;0.0;0.22;0.05;0.0;0.13;0.15;0.11;0.01;0.26;0.0;0.06;0.0
12;FRAD021_15_H_357_0003.tif;0.0;0.27;0.09;0.0;0.08;0.09;0.05;0.01;0.2;0.0;0.2;0.0
319;FRAD021_15_H_357_0005.tif;0.0;0.72;0.0;0.01;0.0;0.02;0.09;0.06;0.01;0.0;0.08;0.0
210;FRAD021_15_H_357_0007.jpg;0.01;0.34;0.0;0.0;0.0;0.04;0.25;0.04;0.01;0.0;0.3;0.0
111;FRAD021_15_H_357_0007.tif;0.01;0.28;0.0;0.0;0.0;0.02;0.23;0.04;0.01;0.0;0.4;0.0
50;FRAD021_15_H_58_0002.jpg;0.43;0.05;0.0;0.01;0.01;0.02;0.18;0.02;0.03;0.12;0.11;0.03
352;FRAD021_15_H_62_0003.jpg;0.08;0.09;0.0;0.01;0.01;0.04;0.24;0.13;0.05;0.14;0.21;0.01
244;FRAD021_15_H_62_0007.tif;0.01;0.58;0.0;0.0;0.0;0.01;0.08;0.05;0.01;0.01;0.25;0.0
158;FRAD021_15_H_62_0009.jpg;0.17;0.04;0.0;0.02;0.01;0.03;0.26;0.06;0.03;0.2;0.17;0.02
338;FRAD021_15_H_62_0015.jpg;0.14;0.07;0.0;0.02;0.01;0.03;0.29;0.09;0.04;0.15;0.15;0.02
167;FRAD021_15_H_65_0002.tif;0.01;0.57;0.0;0.0;0.01;0.01;0.1;0.17;0.01;0.01;0.09;0.0
24;FRAD021_15_H_65_0004.jpg;0.21;0.07;0.0;0.03;0.01;0.03;0.24;0.02;0.05;0.19;0.1;0.05
221;FRAD021_15_H_65_0004.tif;0.02;0.49;0.0;0.0;0.01;0.01;0.1;0.02;0.02;0.01;0.3;0.01
287;FRAD021_15_H_66_0004.jpg;0.27;0.1;0.01;0.01;0.01;0.02;0.22;0.05;0.01;0.03;0.24;0.04
22;FRAD021_15_H_66_0005.jpg;0.35;0.04;0.0;0.02;0.0;0.02;0.1;0.03;0.01;0.06;0.35;0.02
146;FRAD021_15_H_66_0006.jpg;0.18;0.08;0.01;0.01;0.01;0.06;0.27;0.06;0.04;0.15;0.09;0.04
209;FRAD021_15_H_66_0008.jpg;0.03;0.26;0.0;0.0;0.01;0.02;0.2;0.08;0.03;0.03;0.33;0.01
328;FRAD021_15_H_66_0008.tif;0.03;0.2;0.0;0.01;0.01;0.01;0.16;0.08;0.02;0.02;0.44;0.01
297;FRAD021_15_H_66_0010.jpg;0.26;0.04;0.0;0.02;0.01;0.09;0.19;0.06;0.03;0.13;0.15;0.02
20;FRAD021_15_H_66_0012.jpg;0.12;0.14;0.0;0.01;0.0;0.03;0.24;0.06;0.01;0.05;0.34;0.01
66;FRAD021_15_H_66_0014.tif;0.08;0.29;0.01;0.01;0.02;0.01;0.23;0.04;0.05;0.05;0.19;0.03
372;FRAD021_15_H_67_0002.jpg;0.21;0.08;0.0;0.0;0.0;0.01;0.25;0.04;0.01;0.03;0.34;0.03
64;FRAD021_15_H_72_0002.jpg;0.09;0.07;0.0;0.02;0.01;0.05;0.27;0.08;0.05;0.23;0.11;0.03
258;FRAD021_15_H_72_0004.jpg;0.18;0.05;0.0;0.02;0.01;0.13;0.23;0.06;0.03;0.13;0.11;0.02
296;FRAD021_15_H_72_0006.jpg;0.09;0.09;0.01;0.02;0.0;0.16;0.19;0.07;0.05;0.13;0.15;0.04
61;FRAD021_15_H_74_0001.tif;0.0;0.79;0.0;0.0;0.0;0.01;0.04;0.09;0.0;0.0;0.06;0.0
177;FRAD021_15_H_75_0018.jpg;0.15;0.06;0.01;0.01;0.02;0.03;0.21;0.11;0.05;0.17;0.16;0.03
88;FRAD021_15_H_75_0020.jpg;0.41;0.03;0.01;0.01;0.01;0.01;0.25;0.01;0.02;0.08;0.15;0.02
29;FRAD021_15_H_75_0021.jpg;0.41;0.01;0.01;0.01;0.0;0.01;0.28;0.01;0.02;0.08;0.14;0.02
55;FRAD021_15_H_77_0003.tif;0.0;0.42;0.0;0.0;0.0;0.01;0.01;0.0;0.0;0.0;0.56;0.0
303;FRAD021_15_H_77_0005.tif;0.0;0.35;0.0;0.0;0.0;0.0;0.01;0.0;0.0;0.0;0.63;0.0
285;FRAD021_15_H_77_0007.tif;0.01;0.62;0.0;0.01;0.0;0.02;0.06;0.14;0.01;0.01;0.11;0.0
366;FRAD021_15_H_77_0009.tif;0.01;0.65;0.0;0.0;0.0;0.01;0.05;0.12;0.02;0.01;0.13;0.0
205;FRAD021_15_H_82_0002.tif;0.01;0.42;0.0;0.0;0.0;0.01;0.06;0.06;0.01;0.01;0.41;0.0
44;FRAD021_15_H_85_0002.tif;0.02;0.5;0.0;0.0;0.01;0.01;0.1;0.06;0.01;0.0;0.28;0.0
153;FRAD021_15_H_9_0001.tif;0.02;0.34;0.0;0.01;0.01;0.02;0.16;0.1;0.02;0.02;0.29;0.01
187;gallica.bnf.fr-iiif-ark_-12148-btv1b10032321p-f10-full-full-0-native.jpg;0.0;0.7;0.0;0.0;0.01;0.05;0.2;0.01;0.0;0.0;0.03;0.0
226;gallica.bnf.fr-iiif-ark_-12148-btv1b10032321p-f11-full-full-0-native.jpg;0.0;0.71;0.0;0.0;0.0;0.05;0.2;0.01;0.0;0.0;0.02;0.0
254;gallica.bnf.fr-iiif-ark_-12148-btv1b10032321p-f12-full-full-0-native.jpg;0.0;0.76;0.0;0.0;0.0;0.06;0.16;0.01;0.0;0.0;0.01;0.0
23;gallica.bnf.fr-iiif-ark_-12148-btv1b10032321p-f13-full-full-0-native.jpg;0.0;0.76;0.0;0.0;0.0;0.06;0.14;0.02;0.0;0.0;0.02;0.0
263;gallica.bnf.fr-iiif-ark_-12148-btv1b10032321p-f14-full-full-0-native.jpg;0.0;0.71;0.0;0.0;0.0;0.05;0.2;0.01;0.0;0.0;0.02;0.0
223;gallica.bnf.fr-iiif-ark_-12148-btv1b10032611d-f10-full-full-0-native.jpg;0.0;0.56;0.0;0.0;0.0;0.02;0.31;0.03;0.0;0.0;0.06;0.0
84;gallica.bnf.fr-iiif-ark_-12148-btv1b10032611d-f11-full-full-0-native.jpg;0.01;0.48;0.0;0.0;0.0;0.03;0.31;0.01;0.01;0.0;0.14;0.0
215;gallica.bnf.fr-iiif-ark_-12148-btv1b10032611d-f12-full-full-0-native.jpg;0.01;0.49;0.0;0.0;0.0;0.05;0.28;0.02;0.01;0.0;0.14;0.0
341;gallica.bnf.fr-iiif-ark_-12148-btv1b10032611d-f13-full-full-0-native.jpg;0.01;0.49;0.0;0.0;0.0;0.04;0.28;0.01;0.01;0.0;0.15;0.0
195;gallica.bnf.fr-iiif-ark_-12148-btv1b10032611d-f14-full-full-0-native.jpg;0.01;0.5;0.0;0.0;0.0;0.05;0.26;0.01;0.01;0.0;0.13;0.0
217;gallica.bnf.fr-iiif-ark_-12148-btv1b10032715k-f286-full-full-0-native.jpg;0.01;0.26;0.02;0.0;0.01;0.02;0.29;0.01;0.03;0.01;0.33;0.0
371;gallica.bnf.fr-iiif-ark_-12148-btv1b10032715k-f287-full-full-0-native.jpg;0.01;0.39;0.01;0.0;0.0;0.01;0.22;0.0;0.04;0.0;0.32;0.0
77;gallica.bnf.fr-iiif-ark_-12148-btv1b10032715k-f288-full-full-0-native.jpg;0.02;0.33;0.01;0.0;0.0;0.02;0.26;0.01;0.03;0.01;0.31;0.0
240;gallica.bnf.fr-iiif-ark_-12148-btv1b10032715k-f289-full-full-0-native.jpg;0.0;0.26;0.02;0.0;0.0;0.03;0.25;0.0;0.02;0.0;0.41;0.0
8;gallica.bnf.fr-iiif-ark_-12148-btv1b10032715k-f290-full-full-0-native.jpg;0.02;0.35;0.02;0.0;0.0;0.03;0.24;0.01;0.04;0.01;0.28;0.0
273;gallica.bnf.fr-iiif-ark_-12148-btv1b100332814-f10-full-full-0-native.jpg;0.0;0.93;0.0;0.0;0.0;0.04;0.01;0.01;0.0;0.0;0.01;0.0
13;gallica.bnf.fr-iiif-ark_-12148-btv1b100332814-f11-full-full-0-native.jpg;0.0;0.92;0.0;0.0;0.0;0.04;0.02;0.0;0.0;0.0;0.01;0.0
312;gallica.bnf.fr-iiif-ark_-12148-btv1b100332814-f12-full-full-0-native.jpg;0.0;0.88;0.0;0.0;0.0;0.05;0.04;0.0;0.0;0.0;0.02;0.0
257;gallica.bnf.fr-iiif-ark_-12148-btv1b100332814-f13-full-full-0-native.jpg;0.0;0.89;0.0;0.0;0.0;0.03;0.05;0.0;0.0;0.0;0.02;0.0
198;gallica.bnf.fr-iiif-ark_-12148-btv1b100332814-f14-full-full-0-native.jpg;0.0;0.88;0.01;0.0;0.0;0.03;0.05;0.0;0.0;0.0;0.02;0.0
118;gallica.bnf.fr-iiif-ark_-12148-btv1b10036196f-f10-full-full-0-native.jpg;0.0;0.04;0.0;0.0;0.0;0.01;0.27;0.0;0.3;0.0;0.37;0.0
168;gallica.bnf.fr-iiif-ark_-12148-btv1b10036196f-f11-full-full-0-native.jpg;0.0;0.05;0.0;0.0;0.0;0.01;0.29;0.0;0.29;0.0;0.34;0.0
58;gallica.bnf.fr-iiif-ark_-12148-btv1b10036196f-f12-full-full-0-native.jpg;0.0;0.08;0.0;0.0;0.0;0.01;0.29;0.0;0.3;0.0;0.32;0.0
49;gallica.bnf.fr-iiif-ark_-12148-btv1b10036196f-f13-full-full-0-native.jpg;0.0;0.04;0.0;0.0;0.01;0.01;0.39;0.0;0.12;0.0;0.42;0.0
284;gallica.bnf.fr-iiif-ark_-12148-btv1b10036196f-f14-full-full-0-native.jpg;0.0;0.04;0.0;0.0;0.0;0.01;0.36;0.0;0.2;0.0;0.39;0.0
46;gallica.bnf.fr-iiif-ark_-12148-btv1b10036602t-f10-full-full-0-native.jpg;0.0;0.04;0.01;0.0;0.03;0.33;0.05;0.02;0.53;0.0;0.0;0.0
125;gallica.bnf.fr-iiif-ark_-12148-btv1b10036602t-f11-full-full-0-native.jpg;0.0;0.02;0.0;0.0;0.02;0.36;0.02;0.01;0.56;0.0;0.0;0.0
105;gallica.bnf.fr-iiif-ark_-12148-btv1b10036602t-f12-full-full-0-native.jpg;0.0;0.01;0.01;0.0;0.04;0.34;0.03;0.02;0.55;0.0;0.0;0.0
9;gallica.bnf.fr-iiif-ark_-12148-btv1b10036602t-f13-full-full-0-native.jpg;0.0;0.02;0.0;0.0;0.01;0.25;0.01;0.01;0.69;0.0;0.01;0.0
72;gallica.bnf.fr-iiif-ark_-12148-btv1b10036602t-f14-full-full-0-native.jpg;0.0;0.02;0.01;0.0;0.04;0.33;0.04;0.03;0.52;0.0;0.01;0.0
104;gallica.bnf.fr-iiif-ark_-12148-btv1b10540984s-f10-full-full-0-native.jpg;0.0;0.26;0.01;0.0;0.0;0.19;0.16;0.07;0.05;0.01;0.24;0.0
216;gallica.bnf.fr-iiif-ark_-12148-btv1b10540984s-f11-full-full-0-native.jpg;0.0;0.45;0.0;0.0;0.0;0.06;0.26;0.03;0.01;0.0;0.18;0.0
330;gallica.bnf.fr-iiif-ark_-12148-btv1b10540984s-f12-full-full-0-native.jpg;0.0;0.39;0.0;0.0;0.0;0.2;0.14;0.04;0.01;0.01;0.2;0.0
367;gallica.bnf.fr-iiif-ark_-12148-btv1b10540984s-f13-full-full-0-native.jpg;0.0;0.39;0.01;0.0;0.0;0.14;0.18;0.06;0.02;0.01;0.2;0.0
16;gallica.bnf.fr-iiif-ark_-12148-btv1b10540984s-f14-full-full-0-native.jpg;0.0;0.36;0.01;0.0;0.0;0.12;0.21;0.03;0.02;0.0;0.24;0.0
276;gallica.bnf.fr-iiif-ark_-12148-btv1b105409857-f10-full-full-0-native.jpg;0.0;0.63;0.0;0.0;0.0;0.04;0.26;0.0;0.0;0.0;0.07;0.0
100;gallica.bnf.fr-iiif-ark_-12148-btv1b105409857-f11-full-full-0-native.jpg;0.0;0.4;0.01;0.0;0.0;0.03;0.4;0.01;0.01;0.0;0.15;0.0
291;gallica.bnf.fr-iiif-ark_-12148-btv1b105409857-f12-full-full-0-native.jpg;0.0;0.35;0.01;0.0;0.0;0.03;0.42;0.0;0.0;0.0;0.18;0.0
293;gallica.bnf.fr-iiif-ark_-12148-btv1b105409857-f13-full-full-0-native.jpg;0.0;0.37;0.01;0.0;0.0;0.04;0.36;0.01;0.01;0.0;0.22;0.0
75;gallica.bnf.fr-iiif-ark_-12148-btv1b105409857-f14-full-full-0-native.jpg;0.0;0.46;0.01;0.0;0.0;0.06;0.33;0.01;0.0;0.0;0.13;0.0
182;gallica.bnf.fr-iiif-ark_-12148-btv1b10540988k-f10-full-full-0-native.jpg;0.0;0.77;0.0;0.0;0.01;0.1;0.07;0.01;0.01;0.0;0.04;0.0
128;gallica.bnf.fr-iiif-ark_-12148-btv1b10540988k-f11-full-full-0-native.jpg;0.0;0.65;0.0;0.02;0.02;0.07;0.1;0.01;0.02;0.0;0.1;0.0
353;gallica.bnf.fr-iiif-ark_-12148-btv1b10540988k-f12-full-full-0-native.jpg;0.0;0.77;0.0;0.0;0.01;0.09;0.04;0.01;0.01;0.0;0.07;0.0
196;gallica.bnf.fr-iiif-ark_-12148-btv1b10540988k-f13-full-full-0-native.jpg;0.0;0.74;0.0;0.0;0.01;0.13;0.06;0.0;0.03;0.0;0.03;0.0
361;gallica.bnf.fr-iiif-ark_-12148-btv1b10540988k-f14-full-full-0-native.jpg;0.0;0.69;0.0;0.0;0.01;0.11;0.05;0.01;0.03;0.0;0.1;0.0
368;gallica.bnf.fr-iiif-ark_-12148-btv1b10541985k-f10-full-full-0-native.jpg;0.0;0.59;0.0;0.0;0.0;0.03;0.32;0.02;0.0;0.0;0.04;0.0
89;gallica.bnf.fr-iiif-ark_-12148-btv1b10541985k-f11-full-full-0-native.jpg;0.0;0.66;0.0;0.0;0.0;0.03;0.26;0.01;0.0;0.0;0.03;0.0
53;gallica.bnf.fr-iiif-ark_-12148-btv1b10541985k-f12-full-full-0-native.jpg;0.0;0.66;0.0;0.0;0.0;0.07;0.22;0.02;0.0;0.0;0.03;0.0
92;gallica.bnf.fr-iiif-ark_-12148-btv1b10541985k-f13-full-full-0-native.jpg;0.0;0.64;0.0;0.0;0.0;0.05;0.25;0.01;0.0;0.0;0.04;0.0
63;gallica.bnf.fr-iiif-ark_-12148-btv1b10541985k-f14-full-full-0-native.jpg;0.0;0.62;0.0;0.0;0.0;0.05;0.28;0.02;0.0;0.0;0.03;0.0
159;gallica.bnf.fr-iiif-ark_-12148-btv1b10542074n-f10-full-full-0-native.jpg;0.0;0.58;0.0;0.0;0.0;0.08;0.19;0.05;0.0;0.0;0.09;0.0
117;gallica.bnf.fr-iiif-ark_-12148-btv1b10542074n-f11-full-full-0-native.jpg;0.0;0.58;0.0;0.0;0.0;0.06;0.21;0.05;0.0;0.0;0.09;0.0
33;gallica.bnf.fr-iiif-ark_-12148-btv1b10542074n-f12-full-full-0-native.jpg;0.0;0.52;0.0;0.0;0.0;0.19;0.18;0.05;0.0;0.0;0.06;0.0
15;gallica.bnf.fr-iiif-ark_-12148-btv1b10542074n-f13-full-full-0-native.jpg;0.0;0.48;0.0;0.0;0.0;0.05;0.26;0.06;0.0;0.0;0.13;0.0
275;gallica.bnf.fr-iiif-ark_-12148-btv1b10542074n-f14-full-full-0-native.jpg;0.01;0.46;0.0;0.0;0.0;0.05;0.27;0.07;0.0;0.0;0.13;0.0
349;gallica.bnf.fr-iiif-ark_-12148-btv1b105420753-f10-full-full-0-native.jpg;0.0;0.19;0.01;0.0;0.0;0.14;0.2;0.09;0.01;0.0;0.36;0.0
234;gallica.bnf.fr-iiif-ark_-12148-btv1b105420753-f11-full-full-0-native.jpg;0.0;0.19;0.02;0.0;0.0;0.11;0.26;0.05;0.02;0.0;0.33;0.0
101;gallica.bnf.fr-iiif-ark_-12148-btv1b105420753-f12-full-full-0-native.jpg;0.0;0.22;0.01;0.0;0.0;0.19;0.17;0.07;0.01;0.0;0.32;0.0
299;gallica.bnf.fr-iiif-ark_-12148-btv1b105420753-f13-full-full-0-native.jpg;0.0;0.21;0.01;0.0;0.0;0.16;0.2;0.07;0.01;0.0;0.34;0.0
80;gallica.bnf.fr-iiif-ark_-12148-btv1b105420753-f14-full-full-0-native.jpg;0.0;0.28;0.01;0.0;0.0;0.18;0.13;0.1;0.01;0.0;0.29;0.0
143;gallica.bnf.fr-iiif-ark_-12148-btv1b105437753-f10-full-full-0-native.jpg;0.0;0.7;0.0;0.01;0.0;0.05;0.15;0.03;0.0;0.0;0.05;0.0
21;gallica.bnf.fr-iiif-ark_-12148-btv1b105437753-f11-full-full-0-native.jpg;0.0;0.74;0.0;0.0;0.0;0.04;0.14;0.04;0.0;0.0;0.04;0.0
106;gallica.bnf.fr-iiif-ark_-12148-btv1b105437753-f12-full-full-0-native.jpg;0.0;0.82;0.0;0.0;0.0;0.04;0.12;0.01;0.0;0.0;0.01;0.0
286;gallica.bnf.fr-iiif-ark_-12148-btv1b105437753-f13-full-full-0-native.jpg;0.0;0.82;0.0;0.0;0.0;0.04;0.1;0.02;0.0;0.0;0.02;0.0
278;gallica.bnf.fr-iiif-ark_-12148-btv1b105437753-f14-full-full-0-native.jpg;0.0;0.78;0.0;0.0;0.0;0.03;0.14;0.02;0.0;0.0;0.02;0.0
171;gallica.bnf.fr-iiif-ark_-12148-btv1b10544528z-f10-full-full-0-native.jpg;0.0;0.76;0.0;0.0;0.0;0.03;0.16;0.0;0.0;0.0;0.03;0.0
277;gallica.bnf.fr-iiif-ark_-12148-btv1b10544528z-f11-full-full-0-native.jpg;0.0;0.69;0.0;0.0;0.0;0.03;0.23;0.01;0.0;0.0;0.04;0.0
122;gallica.bnf.fr-iiif-ark_-12148-btv1b10544528z-f12-full-full-0-native.jpg;0.0;0.65;0.0;0.0;0.0;0.02;0.24;0.02;0.0;0.0;0.06;0.0
253;gallica.bnf.fr-iiif-ark_-12148-btv1b10544528z-f13-full-full-0-native.jpg;0.0;0.68;0.0;0.0;0.0;0.02;0.26;0.01;0.0;0.0;0.03;0.0
229;gallica.bnf.fr-iiif-ark_-12148-btv1b10544528z-f14-full-full-0-native.jpg;0.0;0.72;0.0;0.0;0.0;0.04;0.18;0.01;0.01;0.0;0.04;0.0
232;gallica.bnf.fr-iiif-ark_-12148-btv1b107210747-f10-full-full-0-native.jpg;0.0;0.44;0.0;0.0;0.01;0.35;0.05;0.02;0.09;0.0;0.02;0.0
6;gallica.bnf.fr-iiif-ark_-12148-btv1b107210747-f11-full-full-0-native.jpg;0.0;0.58;0.0;0.0;0.0;0.29;0.02;0.01;0.07;0.0;0.03;0.0
2;gallica.bnf.fr-iiif-ark_-12148-btv1b107210747-f12-full-full-0-native.jpg;0.0;0.5;0.0;0.0;0.0;0.45;0.01;0.02;0.01;0.0;0.01;0.0
237;gallica.bnf.fr-iiif-ark_-12148-btv1b107210747-f13-full-full-0-native.jpg;0.0;0.55;0.0;0.0;0.0;0.42;0.01;0.01;0.01;0.0;0.0;0.0
274;gallica.bnf.fr-iiif-ark_-12148-btv1b107210747-f14-full-full-0-native.jpg;0.0;0.56;0.0;0.0;0.0;0.41;0.01;0.01;0.0;0.0;0.0;0.0
32;gallica.bnf.fr-iiif-ark_-12148-btv1b525091393-f11-full-full-0-native.jpg;0.0;0.2;0.0;0.0;0.0;0.01;0.6;0.01;0.0;0.0;0.16;0.0
228;gallica.bnf.fr-iiif-ark_-12148-btv1b525091393-f12-full-full-0-native.jpg;0.0;0.23;0.0;0.0;0.0;0.02;0.59;0.0;0.0;0.0;0.15;0.0
305;gallica.bnf.fr-iiif-ark_-12148-btv1b525091393-f13-full-full-0-native.jpg;0.0;0.2;0.0;0.0;0.0;0.01;0.57;0.01;0.0;0.0;0.2;0.0
31;gallica.bnf.fr-iiif-ark_-12148-btv1b525091393-f14-full-full-0-native.jpg;0.0;0.26;0.0;0.0;0.0;0.03;0.53;0.01;0.0;0.0;0.16;0.0
4;gallica.bnf.fr-iiif-ark_-12148-btv1b525091393-f15-full-full-0-native.jpg;0.0;0.21;0.0;0.0;0.0;0.02;0.65;0.0;0.0;0.0;0.12;0.0
103;gallica.bnf.fr-iiif-ark_-12148-btv1b52509140g-f10-full-full-0-native.jpg;0.0;0.89;0.0;0.0;0.0;0.02;0.06;0.01;0.0;0.0;0.02;0.0
224;gallica.bnf.fr-iiif-ark_-12148-btv1b52509140g-f11-full-full-0-native.jpg;0.0;0.89;0.0;0.0;0.0;0.01;0.05;0.01;0.0;0.0;0.03;0.0
220;gallica.bnf.fr-iiif-ark_-12148-btv1b52509140g-f12-full-full-0-native.jpg;0.0;0.92;0.0;0.0;0.0;0.02;0.03;0.01;0.0;0.0;0.02;0.0
10;gallica.bnf.fr-iiif-ark_-12148-btv1b52509140g-f13-full-full-0-native.jpg;0.0;0.94;0.0;0.0;0.0;0.02;0.02;0.0;0.0;0.0;0.02;0.0
199;gallica.bnf.fr-iiif-ark_-12148-btv1b52509140g-f14-full-full-0-native.jpg;0.0;0.91;0.0;0.0;0.0;0.02;0.03;0.01;0.0;0.0;0.02;0.0
119;gallica.bnf.fr-iiif-ark_-12148-btv1b52509143t-f14-full-full-0-native.jpg;0.06;0.39;0.0;0.03;0.01;0.04;0.14;0.08;0.07;0.03;0.16;0.01
157;gallica.bnf.fr-iiif-ark_-12148-btv1b52509143t-f15-full-full-0-native.jpg;0.0;0.88;0.0;0.0;0.0;0.05;0.02;0.0;0.04;0.0;0.01;0.0
26;gallica.bnf.fr-iiif-ark_-12148-btv1b52509143t-f16-full-full-0-native.jpg;0.0;0.94;0.0;0.0;0.0;0.03;0.01;0.01;0.0;0.0;0.02;0.0
288;gallica.bnf.fr-iiif-ark_-12148-btv1b52509143t-f17-full-full-0-native.jpg;0.0;0.97;0.0;0.0;0.0;0.02;0.0;0.0;0.0;0.0;0.01;0.0
107;gallica.bnf.fr-iiif-ark_-12148-btv1b52509143t-f18-full-full-0-native.jpg;0.0;0.96;0.0;0.0;0.0;0.03;0.0;0.0;0.0;0.0;0.0;0.0
204;gallica.bnf.fr-iiif-ark_-12148-btv1b525091448-f10-full-full-0-native.jpg;0.0;0.8;0.0;0.0;0.0;0.08;0.08;0.01;0.01;0.0;0.01;0.0
272;gallica.bnf.fr-iiif-ark_-12148-btv1b525091448-f11-full-full-0-native.jpg;0.0;0.85;0.0;0.0;0.0;0.07;0.03;0.04;0.0;0.0;0.01;0.0
76;gallica.bnf.fr-iiif-ark_-12148-btv1b525091448-f12-full-full-0-native.jpg;0.0;0.85;0.0;0.0;0.0;0.06;0.06;0.02;0.0;0.0;0.01;0.0
133;gallica.bnf.fr-iiif-ark_-12148-btv1b525091448-f13-full-full-0-native.jpg;0.0;0.85;0.0;0.0;0.0;0.05;0.07;0.01;0.0;0.0;0.01;0.0
81;gallica.bnf.fr-iiif-ark_-12148-btv1b525091448-f14-full-full-0-native.jpg;0.0;0.88;0.0;0.0;0.0;0.04;0.04;0.02;0.0;0.0;0.02;0.0
28;gallica.bnf.fr-iiif-ark_-12148-btv1b52509147m-f11-full-full-0-native.jpg;0.0;0.86;0.0;0.0;0.0;0.05;0.04;0.01;0.01;0.0;0.03;0.0
161;gallica.bnf.fr-iiif-ark_-12148-btv1b52509147m-f12-full-full-0-native.jpg;0.0;0.81;0.0;0.0;0.0;0.12;0.05;0.0;0.0;0.0;0.02;0.0
327;gallica.bnf.fr-iiif-ark_-12148-btv1b52509147m-f13-full-full-0-native.jpg;0.0;0.9;0.0;0.0;0.0;0.04;0.02;0.01;0.0;0.0;0.03;0.0
225;gallica.bnf.fr-iiif-ark_-12148-btv1b52509147m-f14-full-full-0-native.jpg;0.0;0.85;0.0;0.0;0.0;0.07;0.03;0.01;0.0;0.0;0.05;0.0
318;gallica.bnf.fr-iiif-ark_-12148-btv1b52509147m-f15-full-full-0-native.jpg;0.0;0.87;0.0;0.0;0.0;0.07;0.02;0.01;0.0;0.0;0.02;0.0
289;gallica.bnf.fr-iiif-ark_-12148-btv1b525091482-f10-full-full-0-native.jpg;0.0;0.46;0.0;0.01;0.0;0.04;0.23;0.05;0.0;0.0;0.2;0.0
160;gallica.bnf.fr-iiif-ark_-12148-btv1b525091482-f11-full-full-0-native.jpg;0.0;0.71;0.0;0.0;0.0;0.11;0.08;0.02;0.0;0.0;0.08;0.0
202;gallica.bnf.fr-iiif-ark_-12148-btv1b525091482-f12-full-full-0-native.jpg;0.0;0.57;0.0;0.0;0.0;0.11;0.08;0.06;0.0;0.0;0.18;0.0
364;gallica.bnf.fr-iiif-ark_-12148-btv1b525091482-f13-full-full-0-native.jpg;0.0;0.63;0.0;0.0;0.0;0.2;0.05;0.03;0.0;0.0;0.08;0.0
222;gallica.bnf.fr-iiif-ark_-12148-btv1b525091482-f14-full-full-0-native.jpg;0.0;0.62;0.0;0.0;0.0;0.19;0.04;0.03;0.0;0.0;0.12;0.0
236;gallica.bnf.fr-iiif-ark_-12148-btv1b525091482-f15-full-full-0-native.jpg;0.0;0.73;0.0;0.0;0.0;0.14;0.03;0.02;0.0;0.0;0.08;0.0
304;gallica.bnf.fr-iiif-ark_-12148-btv1b90680681-f10-full-full-0-native.jpg;0.0;0.78;0.0;0.0;0.01;0.05;0.04;0.02;0.01;0.0;0.08;0.0
152;gallica.bnf.fr-iiif-ark_-12148-btv1b90680681-f11-full-full-0-native.jpg;0.0;0.8;0.0;0.0;0.0;0.06;0.05;0.01;0.0;0.0;0.06;0.0
43;gallica.bnf.fr-iiif-ark_-12148-btv1b90680681-f12-full-full-0-native.jpg;0.0;0.81;0.0;0.0;0.0;0.06;0.03;0.03;0.0;0.0;0.05;0.0
298;gallica.bnf.fr-iiif-ark_-12148-btv1b90680681-f13-full-full-0-native.jpg;0.0;0.78;0.0;0.0;0.0;0.04;0.05;0.03;0.0;0.0;0.09;0.0
62;gallica.bnf.fr-iiif-ark_-12148-btv1b90680681-f14-full-full-0-native.jpg;0.0;0.69;0.0;0.0;0.0;0.08;0.06;0.02;0.01;0.0;0.14;0.0
262;gallica.bnf.fr-iiif-ark_-12148-btv1b9077679v-f10-full-full-0-native.jpg;0.01;0.39;0.01;0.01;0.0;0.03;0.14;0.01;0.02;0.0;0.38;0.0
68;gallica.bnf.fr-iiif-ark_-12148-btv1b9077679v-f11-full-full-0-native.jpg;0.0;0.36;0.02;0.0;0.0;0.04;0.21;0.01;0.02;0.0;0.33;0.0
261;gallica.bnf.fr-iiif-ark_-12148-btv1b9077679v-f12-full-full-0-native.jpg;0.01;0.43;0.02;0.01;0.0;0.04;0.16;0.02;0.0;0.0;0.31;0.0
180;gallica.bnf.fr-iiif-ark_-12148-btv1b9077679v-f13-full-full-0-native.jpg;0.0;0.37;0.03;0.0;0.0;0.03;0.25;0.01;0.01;0.0;0.29;0.0
113;gallica.bnf.fr-iiif-ark_-12148-btv1b9077679v-f14-full-full-0-native.jpg;0.0;0.37;0.01;0.0;0.0;0.03;0.29;0.02;0.01;0.0;0.26;0.0
252;gallica.bnf.fr-iiif-ark_-12148-btv1b90778628-f10-full-full-0-native.jpg;0.01;0.29;0.04;0.01;0.01;0.06;0.28;0.08;0.03;0.01;0.18;0.0
193;gallica.bnf.fr-iiif-ark_-12148-btv1b90778628-f11-full-full-0-native.jpg;0.01;0.32;0.04;0.01;0.01;0.09;0.21;0.1;0.03;0.01;0.17;0.0
97;gallica.bnf.fr-iiif-ark_-12148-btv1b90778628-f12-full-full-0-native.jpg;0.01;0.32;0.03;0.01;0.01;0.07;0.21;0.08;0.04;0.01;0.21;0.0
179;gallica.bnf.fr-iiif-ark_-12148-btv1b90778628-f13-full-full-0-native.jpg;0.0;0.41;0.01;0.0;0.01;0.06;0.17;0.09;0.04;0.01;0.2;0.0
135;gallica.bnf.fr-iiif-ark_-12148-btv1b90778628-f14-full-full-0-native.jpg;0.01;0.32;0.01;0.01;0.0;0.1;0.15;0.09;0.04;0.01;0.26;0.0
207;gallica.bnf.fr-iiif-ark_-12148-btv1b9078319v-f13-full-full-0-native.jpg;0.0;0.04;0.01;0.0;0.02;0.01;0.0;0.0;0.63;0.0;0.29;0.0
86;gallica.bnf.fr-iiif-ark_-12148-btv1b9078319v-f14-full-full-0-native.jpg;0.0;0.03;0.0;0.0;0.01;0.01;0.01;0.0;0.53;0.0;0.4;0.0
65;gallica.bnf.fr-iiif-ark_-12148-btv1b9078319v-f15-full-full-0-native.jpg;0.0;0.04;0.0;0.0;0.01;0.02;0.01;0.0;0.55;0.0;0.37;0.0
290;gallica.bnf.fr-iiif-ark_-12148-btv1b9078319v-f16-full-full-0-native.jpg;0.0;0.05;0.0;0.0;0.01;0.02;0.01;0.0;0.51;0.0;0.39;0.0
169;gallica.bnf.fr-iiif-ark_-12148-btv1b9078319v-f17-full-full-0-native.jpg;0.0;0.09;0.0;0.0;0.01;0.02;0.0;0.0;0.55;0.0;0.32;0.0
377;gallica.bnf.fr-iiif-ark_-12148-btv1b9080941j-f10-full-full-0-native.jpg;0.01;0.44;0.0;0.01;0.03;0.04;0.18;0.01;0.18;0.0;0.09;0.0
310;gallica.bnf.fr-iiif-ark_-12148-btv1b9080941j-f11-full-full-0-native.jpg;0.01;0.46;0.0;0.01;0.03;0.08;0.13;0.03;0.18;0.0;0.06;0.0
218;gallica.bnf.fr-iiif-ark_-12148-btv1b9080941j-f12-full-full-0-native.jpg;0.01;0.46;0.01;0.01;0.03;0.08;0.14;0.02;0.17;0.0;0.07;0.0
38;gallica.bnf.fr-iiif-ark_-12148-btv1b9080941j-f13-full-full-0-native.jpg;0.01;0.45;0.01;0.01;0.02;0.06;0.16;0.01;0.19;0.0;0.08;0.0
320;gallica.bnf.fr-iiif-ark_-12148-btv1b9080941j-f14-full-full-0-native.jpg;0.01;0.45;0.0;0.01;0.03;0.04;0.16;0.02;0.18;0.0;0.11;0.0
184;gallica.bnf.fr-iiif-ark_-12148-btv1b9080957d-f10-full-full-0-native.jpg;0.0;0.53;0.04;0.0;0.0;0.04;0.27;0.01;0.01;0.0;0.1;0.0
329;gallica.bnf.fr-iiif-ark_-12148-btv1b9080957d-f11-full-full-0-native.jpg;0.01;0.58;0.02;0.0;0.0;0.02;0.3;0.01;0.0;0.0;0.06;0.0
279;gallica.bnf.fr-iiif-ark_-12148-btv1b9080957d-f12-full-full-0-native.jpg;0.01;0.51;0.03;0.0;0.0;0.04;0.29;0.03;0.0;0.0;0.09;0.0
356;gallica.bnf.fr-iiif-ark_-12148-btv1b9080957d-f13-full-full-0-native.jpg;0.02;0.35;0.04;0.0;0.0;0.03;0.44;0.01;0.0;0.0;0.11;0.0
57;gallica.bnf.fr-iiif-ark_-12148-btv1b9080957d-f14-full-full-0-native.jpg;0.01;0.57;0.02;0.0;0.0;0.05;0.25;0.03;0.0;0.0;0.06;0.0
45;gallica.bnf.fr-iiif-ark_-12148-btv1b9080978k-f10-full-full-0-native.jpg;0.0;0.47;0.0;0.0;0.01;0.02;0.27;0.01;0.03;0.0;0.19;0.0
206;gallica.bnf.fr-iiif-ark_-12148-btv1b9080978k-f11-full-full-0-native.jpg;0.0;0.37;0.0;0.0;0.0;0.03;0.53;0.0;0.01;0.0;0.07;0.0
25;gallica.bnf.fr-iiif-ark_-12148-btv1b9080978k-f12-full-full-0-native.jpg;0.01;0.47;0.0;0.01;0.01;0.02;0.36;0.02;0.01;0.0;0.1;0.0
348;gallica.bnf.fr-iiif-ark_-12148-btv1b9080978k-f13-full-full-0-native.jpg;0.01;0.44;0.0;0.0;0.0;0.02;0.45;0.01;0.01;0.0;0.06;0.0
363;gallica.bnf.fr-iiif-ark_-12148-btv1b9080978k-f14-full-full-0-native.jpg;0.01;0.44;0.0;0.0;0.0;0.02;0.4;0.0;0.01;0.0;0.11;0.0
NUMERO;IMAGE;1;2;3;4;5;6;7;8;9;10;11;12
